{"0":[0.057593719961550785,0.06976930471002883,0.0712111502723486,0.05214674783723166,0.02306952899711631,0.04605895546299263,0.04870233899391221,0.03820890740147389,0.012576097404677989,0.015299583466837552,0.028276193527715477,0.044136494713232936,0.053348285805831466,0.025392502403075938,0.020586350528676706,0.06576417814802948,0.006087792374239026,0.04886254405639218,0.1218359500160205,0.06304069208586992,0.014258250560717719,0.01850368471643704,0.03220121755847485,0.0012015379685998077,0.014017942966997756,0.007850048061518743],"1":[0.17326177507209228,0.0063280999679589875,0.013857737904517782,0.006648510092918936,0.12592117910925985,0.0018423582185197053,0.005847484780519064,0.042053828900993274,0.10685677667414291,0.0007209227811598846,0.007369432874078821,0.05422941364947132,0.014017942966997756,0.026754245434155718,0.16092598526113425,0.018343479653957065,0.0011214354373598205,0.07273309836590837,0.0071291252803588594,0.018583787247677026,0.09107657801986543,0.004165331624479333,0.012656199935917975,0.0042454341557193204,0.021066965716116628,0.002242870874719641],"2":[0.09692406280038449,0.025232297340595962,0.029958346683755206,0.02987824415251522,0.06784684396026915,0.013457225248317847,0.0281159884652355,0.008570970842678629,0.08154437680230696,0.0033643063120794617,0.020265940403716758,0.06568407561678949,0.03981095802627363,0.07473566164690804,0.07689842999038769,0.027475168215315603,0.0008010253123998718,0.09275873117590516,0.04085229093239346,0.04798141621275232,0.051425825056071774,0.018103172060237104,0.021227170778596604,0.00993271387375841,0.0162608138417174,0.010893944248638257],"3":[0.08266581223966678,0.018183274591477092,0.031159884652355016,0.03612624158923422,0.18079141300865106,0.018023069528997116,0.032761935277154756,0.017942966997757128,0.06672540852290933,0.0020826658122396666,0.0387696251201538,0.06055751361743031,0.03132008971483499,0.060717718679910285,0.05270746555591157,0.0325216276834348,0.00008010253123998718,0.05567125921179109,0.04021147068247356,0.07041012495994874,0.030358859339955142,0.011855174623518103,0.010092918936238385,0.000881127843639859,0.007850048061518743,0.009532201217558475],"4":[0.05070490227491189,0.004485741749439282,0.00993271387375841,0.06464274271066965,0.11831143864146107,0.006408202499198975,0.01081384171739827,0.027955783402755528,0.020265940403716758,0.00016020506247997436,0.019545017622556872,0.03724767702659404,0.014418455623197693,0.041092598526113425,0.029237423902595323,0.011694969561038129,0.00024030759371996156,0.05254726049343159,0.30479013136815125,0.0568727971803909,0.005046459468119192,0.0003204101249599487,0.004966356936879205,0.005286767061839154,0.10052867670618391,0.0024831784684396026]}